from_title,from_date,to_title,to_date,days_between,tone_shift_score,sentiment_delta,from_stance,to_stance,from_prediction_style,to_prediction_style,increased_themes,decreased_themes,explanation
"We're Not In 1999 Anymore, Toto",2000-12-31,Safety First . . . But Where?,2001-04-10,100,0.8847,0.6923,neutral,opportunistic,forecasting,forecasting,"valuation (+7.79), macro (+3.63), technology_ai (+2.60)",risk (-5.02),"stance moves from neutral to opportunistic; later memo is materially more constructive / bullish in tone; greater emphasis on valuation (+7.79), macro (+3.63), technology_ai (+2.60); less emphasis on risk (-5.02)"
I’d Rather Be Wrong,2010-03-17,Warning Flags,2010-05-12,56,0.8223,-0.2286,constructive,opportunistic,forecasting,warning,"credit (+21.62), risk (+13.18), psychology (+5.30)","politics (-13.19), macro (-3.13)","stance moves from constructive to opportunistic; prediction posture moves from forecasting to warning; later memo is materially more defensive / bearish in tone; greater emphasis on credit (+21.62), risk (+13.18), psychology (+5.30); less emphasis on politics (-13.19), macro (-3.13)"
Investment Miscellany,2000-11-16,"We're Not In 1999 Anymore, Toto",2000-12-31,45,0.7786,0.3333,alarmed,neutral,warning,forecasting,risk (+3.55),"valuation (-9.56), technology_ai (-4.05), credit (-3.68)","stance moves from alarmed to neutral; prediction posture moves from warning to forecasting; later memo is materially more constructive / bullish in tone; greater emphasis on risk (+3.55); less emphasis on valuation (-9.56), technology_ai (-4.05), credit (-3.68)"
How's the Market?,1999-04-15,bubble.com,2000-01-02,262,0.7576,-0.75,constructive,constructive,forecasting,forecasting,"technology_ai (+4.75), valuation (+1.57), prediction (+1.25)","macro (-8.41), rates (-8.41), credit (-2.53)","later memo is materially more defensive / bearish in tone; greater emphasis on technology_ai (+4.75), valuation (+1.57), prediction (+1.25); less emphasis on macro (-8.41), rates (-8.41), credit (-2.53)"
On Bubble Watch,2025-01-02,Gimme Credit,2025-03-06,63,0.7335,0.8842,alarmed,constructive,warning,forecasting,"credit (+65.59), risk (+13.29), rates (+3.78)","technology_ai (-3.86), macro (-1.32), cycles (-0.24)","stance moves from alarmed to constructive; prediction posture moves from warning to forecasting; later memo is materially more constructive / bullish in tone; greater emphasis on credit (+65.59), risk (+13.29), rates (+3.78); less emphasis on technology_ai (-3.86), macro (-1.32), cycles (-0.24)"
The Seven Worst Words in the World,2018-09-26,Political Reality Meets Economic Reality,2019-01-30,126,0.703,1.1409,alarmed,constructive,warning,forecasting,"politics (+5.83), macro (+2.27), prediction (+0.38)","credit (-21.19), risk (-7.80), rates (-6.32)","stance moves from alarmed to constructive; prediction posture moves from warning to forecasting; later memo is materially more constructive / bullish in tone; greater emphasis on politics (+5.83), macro (+2.27), prediction (+0.38); less emphasis on credit (-21.19), risk (-7.80), rates (-6.32)"
Gimme Credit,2025-03-06,Nobody Knows (Yet Again),2025-04-09,34,0.6986,-0.3049,constructive,constructive,forecasting,forecasting,"uncertainty (+3.60), macro (+2.82), politics (+1.66)","credit (-63.79), risk (-14.70), valuation (-7.21)","later memo is materially more defensive / bearish in tone; greater emphasis on uncertainty (+3.60), macro (+2.82), politics (+1.66); less emphasis on credit (-63.79), risk (-14.70), valuation (-7.21)"
The Impact of Debt,2024-05-08,The Folly of Certainty,2024-07-17,70,0.6876,-0.4405,opportunistic,humble,warning,forecasting,"rates (+9.55), macro (+8.68), politics (+3.47)","risk (-13.80), credit (-9.81), valuation (-2.02)","stance moves from opportunistic to humble; prediction posture moves from warning to forecasting; later memo is materially more defensive / bearish in tone; greater emphasis on rates (+9.55), macro (+8.68), politics (+3.47); less emphasis on risk (-13.80), credit (-9.81), valuation (-2.02)"
Ditto,2013-01-07,High Yield Bonds Today,2013-02-21,45,0.6705,-0.0455,constructive,opportunistic,warning,forecasting,"credit (+35.90), rates (+11.06), valuation (+2.35)","cycles (-8.13), risk (-7.76), psychology (-3.29)","stance moves from constructive to opportunistic; prediction posture moves from warning to forecasting; greater emphasis on credit (+35.90), rates (+11.06), valuation (+2.35); less emphasis on cycles (-8.13), risk (-7.76), psychology (-3.29)"
First Quarter Performance,1991-04-11,"Microeconomics 101: Supply, Demand and Convertibles",1992-10-08,546,0.665,0.75,cautious,constructive,forecasting,forecasting,"valuation (+8.42), uncertainty (+1.12)","cycles (-23.12), credit (-6.79), psychology (-5.78)","stance moves from cautious to constructive; later memo is materially more constructive / bullish in tone; greater emphasis on valuation (+8.42), uncertainty (+1.12); less emphasis on cycles (-23.12), credit (-6.79), psychology (-5.78)"
Genius Isn't Enough (and Other Lessons from Long-Term Capital Management),1998-10-09,How's the Market?,1999-04-15,188,0.6636,0.1818,constructive,constructive,warning,forecasting,"macro (+6.34), valuation (+4.94), rates (+4.26)","risk (-6.58), credit (-5.15), cycles (-2.77)","prediction posture moves from warning to forecasting; greater emphasis on macro (+6.34), valuation (+4.94), rates (+4.26); less emphasis on risk (-6.58), credit (-5.15), cycles (-2.77)"
Shall We Repeal the Laws of Economics?,2024-09-19,Ruminating on Asset Allocation,2024-10-22,33,0.659,-0.15,constructive,constructive,forecasting,warning,"risk (+14.27), credit (+11.77), prediction (+6.54)","macro (-7.06), politics (-6.76), cycles (-0.33)","prediction posture moves from forecasting to warning; greater emphasis on risk (+14.27), credit (+11.77), prediction (+6.54); less emphasis on macro (-7.06), politics (-6.76), cycles (-0.33)"
Warning Flags,2010-05-12,It’s Greek to Me,2010-07-19,68,0.6498,0.1966,opportunistic,constructive,warning,forecasting,"macro (+7.57), politics (+4.31), uncertainty (+0.21)","credit (-14.80), risk (-13.23), psychology (-6.02)","stance moves from opportunistic to constructive; prediction posture moves from warning to forecasting; greater emphasis on macro (+7.57), politics (+4.31), uncertainty (+0.21); less emphasis on credit (-14.80), risk (-13.23), psychology (-6.02)"
The Route to Performance,1990-10-12,First Quarter Performance,1991-04-11,181,0.6439,-0.75,constructive,cautious,forecasting,forecasting,"cycles (+23.12), credit (+9.51), psychology (+5.78)","politics (-1.32), uncertainty (-1.32)","stance moves from constructive to cautious; later memo is materially more defensive / bearish in tone; greater emphasis on cycles (+23.12), credit (+9.51), psychology (+5.78); less emphasis on politics (-1.32), uncertainty (-1.32)"
Will It Work?,2009-03-05,So Much That’s False and Nutty,2009-07-08,125,0.6429,-0.3486,constructive,alarmed,forecasting,warning,"risk (+12.59), credit (+5.62), valuation (+2.74)","politics (-9.31), macro (-1.71), uncertainty (-0.31)","stance moves from constructive to alarmed; prediction posture moves from forecasting to warning; later memo is materially more defensive / bearish in tone; greater emphasis on risk (+12.59), credit (+5.62), valuation (+2.74); less emphasis on politics (-9.31), macro (-1.71), uncertainty (-0.31)"
A Case in Point,2005-06-06,Risk,2006-01-19,227,0.6158,-0.0705,opportunistic,constructive,forecasting,warning,"risk (+22.26), prediction (+1.89), uncertainty (+0.49)","credit (-8.47), valuation (-2.40), rates (-1.19)","stance moves from opportunistic to constructive; prediction posture moves from forecasting to warning; greater emphasis on risk (+22.26), prediction (+1.89), uncertainty (+0.49); less emphasis on credit (-8.47), valuation (-2.40), rates (-1.19)"
A Fresh Start (Hopefully),2012-11-09,Ditto,2013-01-07,59,0.5926,-0.3636,constructive,constructive,forecasting,warning,"risk (+15.49), cycles (+7.15), valuation (+5.71)","politics (-11.23), technology_ai (-0.65), prediction (-0.54)","prediction posture moves from forecasting to warning; later memo is materially more defensive / bearish in tone; greater emphasis on risk (+15.49), cycles (+7.15), valuation (+5.71); less emphasis on politics (-11.23), technology_ai (-0.65), prediction (-0.54)"
Open and Shut,2010-12-01,All That Glitters,2010-12-17,16,0.5885,-0.2631,opportunistic,humble,warning,forecasting,"valuation (+13.70), uncertainty (+2.42), politics (+0.33)","credit (-13.13), risk (-8.58), cycles (-5.91)","stance moves from opportunistic to humble; prediction posture moves from warning to forecasting; later memo is materially more defensive / bearish in tone; greater emphasis on valuation (+13.70), uncertainty (+2.42), politics (+0.33); less emphasis on credit (-13.13), risk (-8.58), cycles (-5.91)"
"Fewer Losers, or More Winners?",2023-09-12,Further Thoughts on Sea Change,2023-10-11,29,0.5798,-0.5394,constructive,opportunistic,warning,forecasting,"rates (+30.91), macro (+6.24), credit (+4.54)","risk (-9.92), uncertainty (-0.44)","stance moves from constructive to opportunistic; prediction posture moves from warning to forecasting; later memo is materially more defensive / bearish in tone; greater emphasis on rates (+30.91), macro (+6.24), credit (+4.54); less emphasis on risk (-9.92), uncertainty (-0.44)"
Investing Without People,2018-06-18,The Seven Worst Words in the World,2018-09-26,100,0.5777,-0.8652,opportunistic,alarmed,forecasting,warning,"credit (+17.57), rates (+7.04), risk (+6.83)",valuation (-4.63),"stance moves from opportunistic to alarmed; prediction posture moves from forecasting to warning; later memo is materially more defensive / bearish in tone; greater emphasis on credit (+17.57), rates (+7.04), risk (+6.83); less emphasis on valuation (-4.63)"
On Regulation,2011-03-02,How Quickly They Forget,2011-05-25,84,0.5748,0.4143,alarmed,alarmed,forecasting,warning,"credit (+13.98), risk (+7.34), valuation (+5.54)","politics (-18.63), macro (-3.92), cycles (-1.95)","prediction posture moves from forecasting to warning; later memo is materially more constructive / bullish in tone; greater emphasis on credit (+13.98), risk (+7.34), valuation (+5.54); less emphasis on politics (-18.63), macro (-3.92), cycles (-1.95)"
How Quickly They Forget,2011-05-25,Down to the Wire,2011-07-21,57,0.5677,0.2231,alarmed,alarmed,warning,forecasting,"macro (+8.03), politics (+4.64), credit (+2.01)","risk (-10.65), valuation (-5.94), rates (-3.75)","prediction posture moves from warning to forecasting; later memo is materially more constructive / bullish in tone; greater emphasis on macro (+8.03), politics (+4.64), credit (+2.01); less emphasis on risk (-10.65), valuation (-5.94), rates (-3.75)"
You Can’t Eat IRR,2006-07-12,Dare to Be Great,2006-09-07,57,0.5566,-0.3571,constructive,constructive,warning,forecasting,"credit (+3.26), risk (+2.05), technology_ai (+1.17)","valuation (-21.93), psychology (-0.27), rates (-0.27)","prediction posture moves from warning to forecasting; later memo is materially more defensive / bearish in tone; greater emphasis on credit (+3.26), risk (+2.05), technology_ai (+1.17); less emphasis on valuation (-21.93), psychology (-0.27), rates (-0.27)"
The Folly of Certainty,2024-07-17,Mr. Market Miscalculates,2024-08-22,36,0.5466,0.9781,humble,constructive,forecasting,forecasting,"valuation (+4.78), psychology (+3.48), cycles (+3.04)","rates (-4.01), politics (-3.47), macro (-3.14)","stance moves from humble to constructive; later memo is materially more constructive / bullish in tone; greater emphasis on valuation (+4.78), psychology (+3.48), cycles (+3.04); less emphasis on rates (-4.01), politics (-3.47), macro (-3.14)"
Risk Revisited,2014-09-03,The Lessons of Oil,2014-12-18,106,0.5443,0.2679,constructive,opportunistic,warning,forecasting,"macro (+4.10), valuation (+3.35), psychology (+1.80)","risk (-24.37), prediction (-5.51), uncertainty (-0.84)","stance moves from constructive to opportunistic; prediction posture moves from warning to forecasting; later memo is materially more constructive / bullish in tone; greater emphasis on macro (+4.10), valuation (+3.35), psychology (+1.80); less emphasis on risk (-24.37), prediction (-5.51), uncertainty (-0.84)"
High Yield Bonds Today,2013-02-21,The Outlook for Equities,2013-03-13,20,0.4975,0.0055,opportunistic,constructive,forecasting,warning,"risk (+4.40), valuation (+2.45), psychology (+0.73)","credit (-23.68), rates (-9.55), macro (-0.78)","stance moves from opportunistic to constructive; prediction posture moves from forecasting to warning; greater emphasis on risk (+4.40), valuation (+2.45), psychology (+0.73); less emphasis on credit (-23.68), rates (-9.55), macro (-0.78)"
Liquidity,2015-03-25,Risk Revisited Again,2015-06-08,75,0.4885,0.1113,opportunistic,constructive,forecasting,warning,"risk (+18.09), prediction (+6.01), macro (+1.00)","valuation (-5.39), credit (-3.45), politics (-0.21)","stance moves from opportunistic to constructive; prediction posture moves from forecasting to warning; greater emphasis on risk (+18.09), prediction (+6.01), macro (+1.00); less emphasis on valuation (-5.39), credit (-3.45), politics (-0.21)"
How Does An Inefficient Market Get That Way,1994-07-15,How the Game Should Be Played,1995-05-26,315,0.4754,-0.5,opportunistic,opportunistic,warning,forecasting,cycles (+1.15),"credit (-23.91), valuation (-9.59), risk (-4.91)","prediction posture moves from warning to forecasting; later memo is materially more defensive / bearish in tone; greater emphasis on cycles (+1.15); less emphasis on credit (-23.91), valuation (-9.59), risk (-4.91)"
All That Glitters,2010-12-17,On Regulation,2011-03-02,75,0.475,-0.6925,humble,alarmed,forecasting,forecasting,"politics (+16.94), cycles (+4.46), risk (+3.89)","valuation (-16.02), uncertainty (-2.42), rates (-1.53)","stance moves from humble to alarmed; later memo is materially more defensive / bearish in tone; greater emphasis on politics (+16.94), cycles (+4.46), risk (+3.89); less emphasis on valuation (-16.02), uncertainty (-2.42), rates (-1.53)"
Mysterious,2019-10-17,Nobody Knows II,2020-03-03,138,0.466,0.4375,alarmed,constructive,forecasting,forecasting,"macro (+4.36), prediction (+1.05), psychology (+0.68)","rates (-24.66), credit (-11.64), risk (-2.38)","stance moves from alarmed to constructive; later memo is materially more constructive / bullish in tone; greater emphasis on macro (+4.36), prediction (+1.05), psychology (+0.68); less emphasis on rates (-24.66), credit (-11.64), risk (-2.38)"
No Different This Time – The Lessons of ‘07,2007-12-17,Now What?,2008-01-10,24,0.4482,-0.0313,constructive,opportunistic,warning,forecasting,"macro (+8.45), credit (+7.22), rates (+5.99)","risk (-7.04), valuation (-4.33), prediction (-2.78)","stance moves from constructive to opportunistic; prediction posture moves from warning to forecasting; greater emphasis on macro (+8.45), credit (+7.22), rates (+5.99); less emphasis on risk (-7.04), valuation (-4.33), prediction (-2.78)"
Easy Money,2024-01-09,The Indispensability of Risk,2024-04-17,99,0.4446,-0.0978,opportunistic,humble,warning,warning,"risk (+19.45), prediction (+1.71), uncertainty (+1.28)","rates (-29.18), credit (-8.55), cycles (-5.39)","stance moves from opportunistic to humble; greater emphasis on risk (+19.45), prediction (+1.71), uncertainty (+1.28); less emphasis on rates (-29.18), credit (-8.55), cycles (-5.39)"
Touchstones,2009-11-10,Tell Me I’m Wrong,2010-01-22,73,0.4344,0.4146,alarmed,opportunistic,warning,forecasting,"macro (+12.31), rates (+10.16), credit (+4.26)","risk (-9.85), cycles (-1.25), psychology (-0.61)","stance moves from alarmed to opportunistic; prediction posture moves from warning to forecasting; later memo is materially more constructive / bullish in tone; greater emphasis on macro (+12.31), rates (+10.16), credit (+4.26); less emphasis on risk (-9.85), cycles (-1.25), psychology (-0.61)"
Random Thoughts On The Identification Of Inv Opportunities,1994-01-24,Risk in Today's Markets,1994-02-17,24,0.4336,-0.913,opportunistic,cautious,forecasting,warning,"rates (+12.90), risk (+8.88), macro (+0.85)","valuation (-5.94), credit (-4.95), psychology (-2.76)","stance moves from opportunistic to cautious; prediction posture moves from forecasting to warning; later memo is materially more defensive / bearish in tone; greater emphasis on rates (+12.90), risk (+8.88), macro (+0.85); less emphasis on valuation (-5.94), credit (-4.95), psychology (-2.76)"
Cockroaches in the Coal Mine,2025-11-06,Is It a Bubble?,2025-12-09,33,0.433,-0.8224,constructive,alarmed,warning,forecasting,"technology_ai (+15.07), valuation (+1.97), prediction (+1.54)","credit (-9.14), risk (-3.09), cycles (-2.71)","stance moves from constructive to alarmed; prediction posture moves from warning to forecasting; later memo is materially more defensive / bearish in tone; greater emphasis on technology_ai (+15.07), valuation (+1.97), prediction (+1.54); less emphasis on credit (-9.14), risk (-3.09), cycles (-2.71)"
On the Couch,2016-01-14,What Does the Market Know?,2016-01-19,5,0.4318,-0.0647,constructive,opportunistic,forecasting,forecasting,"valuation (+12.77), credit (+3.02), psychology (+2.33)","rates (-7.34), macro (-5.81), risk (-1.66)","stance moves from constructive to opportunistic; greater emphasis on valuation (+12.77), credit (+3.02), psychology (+2.33); less emphasis on rates (-7.34), macro (-5.81), risk (-1.66)"
The Pendulum in International Affairs,2022-03-23,Bull Market Rhymes,2022-05-26,64,0.4317,-0.6912,opportunistic,opportunistic,forecasting,warning,"psychology (+5.28), risk (+3.00), valuation (+2.49)","macro (-4.00), politics (-1.49), cycles (-0.40)","prediction posture moves from forecasting to warning; later memo is materially more defensive / bearish in tone; greater emphasis on psychology (+5.28), risk (+3.00), valuation (+2.49); less emphasis on macro (-4.00), politics (-1.49), cycles (-0.40)"
Uncertainty II,2020-05-28,Not Enough,2020-06-11,14,0.4236,1.1429,humble,opportunistic,forecasting,forecasting,"psychology (+1.74), rates (+1.74), macro (+1.06)","prediction (-3.74), risk (-2.91), uncertainty (-2.91)","stance moves from humble to opportunistic; later memo is materially more constructive / bullish in tone; greater emphasis on psychology (+1.74), rates (+1.74), macro (+1.06); less emphasis on prediction (-3.74), risk (-2.91), uncertainty (-2.91)"
Risk and Return Today,2004-10-27,Oaktree at Ten,2005-04-11,166,0.4221,0.3312,opportunistic,constructive,warning,forecasting,macro (+0.32),"risk (-12.94), valuation (-8.90), rates (-6.18)","stance moves from opportunistic to constructive; prediction posture moves from warning to forecasting; later memo is materially more constructive / bullish in tone; greater emphasis on macro (+0.32); less emphasis on risk (-12.94), valuation (-8.90), rates (-6.18)"
AI Hurtles Ahead,2026-02-26,Go Figure!,2026-03-24,26,0.41,0.308,constructive,constructive,forecasting,forecasting,"politics (+8.46), rates (+8.25), macro (+7.87)","technology_ai (-24.07), valuation (-0.99), risk (-0.78)","later memo is materially more constructive / bullish in tone; greater emphasis on politics (+8.46), rates (+8.25), macro (+7.87); less emphasis on technology_ai (-24.07), valuation (-0.99), risk (-0.78)"
Inspiration from the World of Sports,2015-10-22,On the Couch,2016-01-14,84,0.4066,-0.5368,constructive,constructive,forecasting,forecasting,"rates (+8.48), macro (+6.96), credit (+6.56)",technology_ai (-0.98),"later memo is materially more defensive / bearish in tone; greater emphasis on rates (+8.48), macro (+6.96), credit (+6.56); less emphasis on technology_ai (-0.98)"
What Does the Market Know?,2016-01-19,Economic Reality,2016-05-26,128,0.4013,0.3285,opportunistic,constructive,forecasting,forecasting,"macro (+7.69), politics (+2.83), rates (+1.33)","valuation (-14.03), credit (-8.19), psychology (-4.87)","stance moves from opportunistic to constructive; later memo is materially more constructive / bullish in tone; greater emphasis on macro (+7.69), politics (+2.83), rates (+1.33); less emphasis on valuation (-14.03), credit (-8.19), psychology (-4.87)"
Hedge Funds: A Case for Caution,2004-10-06,Risk and Return Today,2004-10-27,21,0.401,-0.1971,constructive,opportunistic,forecasting,warning,"risk (+12.31), credit (+10.85), valuation (+3.62)","cycles (-0.53), technology_ai (-0.27)","stance moves from constructive to opportunistic; prediction posture moves from forecasting to warning; greater emphasis on risk (+12.31), credit (+10.85), valuation (+3.62); less emphasis on cycles (-0.53), technology_ai (-0.27)"
What Really Matters?,2022-11-22,Sea Change,2022-12-13,21,0.4008,-0.1635,constructive,opportunistic,forecasting,warning,"rates (+20.84), credit (+10.36), macro (+9.57)","cycles (-0.75), prediction (-0.75), uncertainty (-0.56)","stance moves from constructive to opportunistic; prediction posture moves from forecasting to warning; greater emphasis on rates (+20.84), credit (+10.36), macro (+9.57); less emphasis on cycles (-0.75), prediction (-0.75), uncertainty (-0.56)"
The Calculus of Value,2025-08-13,A Look Under the Hood,2025-10-28,76,0.3957,-0.0718,constructive,constructive,forecasting,warning,"risk (+12.80), politics (+2.11), cycles (+0.58)","valuation (-21.99), psychology (-4.16), macro (-2.21)","prediction posture moves from forecasting to warning; greater emphasis on risk (+12.80), politics (+2.11), cycles (+0.58); less emphasis on valuation (-21.99), psychology (-4.16), macro (-2.21)"
The Race Is On,2013-11-26,Getting Lucky,2014-01-16,51,0.3946,0.8644,alarmed,constructive,warning,forecasting,politics (+0.19),"credit (-11.09), risk (-8.36), rates (-5.13)","stance moves from alarmed to constructive; prediction posture moves from warning to forecasting; later memo is materially more constructive / bullish in tone; greater emphasis on politics (+0.19); less emphasis on credit (-11.09), risk (-8.36), rates (-5.13)"
What’s Your Game Plan?,2003-09-05,The Feeling's Mutual,2003-10-02,27,0.394,-0.2876,constructive,opportunistic,preparation,forecasting,"valuation (+4.31), politics (+0.31), technology_ai (+0.31)","credit (-1.58), cycles (-1.05), risk (-0.74)","stance moves from constructive to opportunistic; prediction posture moves from preparation to forecasting; later memo is materially more defensive / bearish in tone; greater emphasis on valuation (+4.31), politics (+0.31), technology_ai (+0.31); less emphasis on credit (-1.58), cycles (-1.05), risk (-0.74)"
What's Going On?,2003-05-16,The Most Important Thing,2003-07-01,46,0.3896,0.05,opportunistic,opportunistic,forecasting,forecasting,"valuation (+6.11), risk (+4.00), uncertainty (+0.68)","credit (-23.63), rates (-5.24), cycles (-3.88)","greater emphasis on valuation (+6.11), risk (+4.00), uncertainty (+0.68); less emphasis on credit (-23.63), rates (-5.24), cycles (-3.88)"
The Happy Medium,2004-07-21,Hedge Funds: A Case for Caution,2004-10-06,77,0.3882,0.5012,opportunistic,constructive,warning,forecasting,rates (+1.13),"cycles (-8.36), psychology (-8.13), risk (-7.54)","stance moves from opportunistic to constructive; prediction posture moves from warning to forecasting; later memo is materially more constructive / bullish in tone; greater emphasis on rates (+1.13); less emphasis on cycles (-8.36), psychology (-8.13), risk (-7.54)"
Who Knew?,1998-01-08,Genius Isn't Enough (and Other Lessons from Long-Term Capital Management),1998-10-09,274,0.3831,0.2594,constructive,constructive,forecasting,warning,"risk (+5.59), credit (+5.36), valuation (+2.42)","macro (-8.73), rates (-1.74), uncertainty (-1.62)","prediction posture moves from forecasting to warning; later memo is materially more constructive / bullish in tone; greater emphasis on risk (+5.59), credit (+5.36), valuation (+2.42); less emphasis on macro (-8.73), rates (-1.74), uncertainty (-1.62)"
The Long View,2009-01-09,Will It Work?,2009-03-05,55,0.3825,0.2708,constructive,constructive,warning,forecasting,"politics (+8.26), uncertainty (+0.31)","credit (-8.23), cycles (-6.16), macro (-3.37)","prediction posture moves from warning to forecasting; later memo is materially more constructive / bullish in tone; greater emphasis on politics (+8.26), uncertainty (+0.31); less emphasis on credit (-8.23), cycles (-6.16), macro (-3.37)"
Selling Out,2022-01-13,The Pendulum in International Affairs,2022-03-23,69,0.3774,-0.0625,opportunistic,opportunistic,forecasting,forecasting,"macro (+5.61), cycles (+4.42), politics (+1.70)","valuation (-3.16), risk (-1.50), prediction (-1.17)","greater emphasis on macro (+5.61), cycles (+4.42), politics (+1.70); less emphasis on valuation (-3.16), risk (-1.50), prediction (-1.17)"
Growing the Pie,2019-04-01,On the Other Hand,2019-07-26,116,0.3725,-0.0928,opportunistic,constructive,forecasting,forecasting,"rates (+32.71), macro (+8.27), risk (+2.18)",technology_ai (-0.34),"stance moves from opportunistic to constructive; greater emphasis on rates (+32.71), macro (+8.27), risk (+2.18); less emphasis on technology_ai (-0.34)"
The Limits to Negativism,2008-10-15,Volatility + Leverage = Dynamite,2008-12-17,63,0.3604,0.6405,alarmed,opportunistic,forecasting,warning,"risk (+9.02), credit (+4.72), valuation (+4.60)","psychology (-5.90), rates (-3.01), macro (-2.03)","stance moves from alarmed to opportunistic; prediction posture moves from forecasting to warning; later memo is materially more constructive / bullish in tone; greater emphasis on risk (+9.02), credit (+4.72), valuation (+4.60); less emphasis on psychology (-5.90), rates (-3.01), macro (-2.03)"
The Winds of Change,2021-11-23,Selling Out,2022-01-13,51,0.3569,0.2862,constructive,opportunistic,forecasting,forecasting,"valuation (+4.43), risk (+1.73), prediction (+1.04)","politics (-6.02), macro (-5.83), technology_ai (-3.17)","stance moves from constructive to opportunistic; later memo is materially more constructive / bullish in tone; greater emphasis on valuation (+4.43), risk (+1.73), prediction (+1.04); less emphasis on politics (-6.02), macro (-5.83), technology_ai (-3.17)"
Will It Be Different This Time?,1996-11-25,Are You An Investor or a Speculator?,1997-09-03,282,0.3532,0.1364,constructive,opportunistic,forecasting,forecasting,"rates (+10.51), valuation (+9.78), risk (+4.12)","macro (-6.29), cycles (-5.03), prediction (-1.56)","stance moves from constructive to opportunistic; greater emphasis on rates (+10.51), valuation (+9.78), risk (+4.12); less emphasis on macro (-6.29), cycles (-5.03), prediction (-1.56)"
"Hey, Steward!!",2004-03-16,Us and Them,2004-05-07,52,0.351,-0.3077,constructive,opportunistic,forecasting,forecasting,"rates (+7.75), macro (+3.38), valuation (+3.38)","politics (-0.65), credit (-0.29)","stance moves from constructive to opportunistic; later memo is materially more defensive / bearish in tone; greater emphasis on rates (+7.75), macro (+3.38), valuation (+3.38); less emphasis on politics (-0.65), credit (-0.29)"
Which Way Now?,2020-03-31,Calibrating,2020-04-06,6,0.3297,0.0321,constructive,opportunistic,forecasting,forecasting,"risk (+2.33), uncertainty (+1.92), prediction (+1.01)","macro (-9.44), politics (-3.66), rates (-1.82)","stance moves from constructive to opportunistic; greater emphasis on risk (+2.33), uncertainty (+1.92), prediction (+1.01); less emphasis on macro (-9.44), politics (-3.66), rates (-1.82)"
The Feeling's Mutual,2003-10-02,"Hey, Steward!!",2004-03-16,166,0.3271,0.4615,opportunistic,constructive,forecasting,forecasting,"macro (+0.98), rates (+0.98), politics (+0.34)","valuation (-4.03), technology_ai (-0.31)","stance moves from opportunistic to constructive; later memo is materially more constructive / bullish in tone; greater emphasis on macro (+0.98), rates (+0.98), politics (+0.34); less emphasis on valuation (-4.03), technology_ai (-0.31)"
Time for Thinking,2020-08-05,Coming into Focus,2020-10-13,69,0.3248,0.1242,constructive,opportunistic,forecasting,warning,"risk (+6.92), valuation (+6.36), rates (+4.36)","macro (-4.86), cycles (-0.74), uncertainty (-0.47)","stance moves from constructive to opportunistic; prediction posture moves from forecasting to warning; greater emphasis on risk (+6.92), valuation (+6.36), rates (+4.36); less emphasis on macro (-4.86), cycles (-0.74), uncertainty (-0.47)"
"Returns, Absolute Returns and Risk",2006-06-13,You Can’t Eat IRR,2006-07-12,29,0.3245,0.125,constructive,constructive,warning,warning,"valuation (+6.58), psychology (+0.27)","risk (-9.94), prediction (-1.07), rates (-0.81)","greater emphasis on valuation (+6.58), psychology (+0.27); less emphasis on risk (-9.94), prediction (-1.07), rates (-0.81)"
Whad’Ya Know?,2003-03-11,What's Going On?,2003-05-16,66,0.3225,0.0875,opportunistic,opportunistic,forecasting,forecasting,"credit (+18.47), cycles (+4.25), valuation (+4.11)","macro (-1.55), prediction (-1.54), technology_ai (-0.99)","greater emphasis on credit (+18.47), cycles (+4.25), valuation (+4.11); less emphasis on macro (-1.55), prediction (-1.54), technology_ai (-0.99)"
It’s Not Easy,2015-09-09,Inspiration from the World of Sports,2015-10-22,43,0.3185,0.1227,constructive,constructive,warning,forecasting,"technology_ai (+0.62), cycles (+0.24)","risk (-11.27), valuation (-5.57), prediction (-2.75)","prediction posture moves from warning to forecasting; greater emphasis on technology_ai (+0.62), cycles (+0.24); less emphasis on risk (-11.27), valuation (-5.57), prediction (-2.75)"
'Risk in Today's Markets' Revisited,1994-04-11,How Does An Inefficient Market Get That Way,1994-07-15,95,0.3099,0.3182,opportunistic,opportunistic,warning,warning,"credit (+17.03), valuation (+6.99), risk (+1.93)","rates (-9.64), psychology (-3.75), macro (-2.14)","later memo is materially more constructive / bullish in tone; greater emphasis on credit (+17.03), valuation (+6.99), risk (+1.93); less emphasis on rates (-9.64), psychology (-3.75), macro (-2.14)"
Ruminating on Asset Allocation,2024-10-22,On Bubble Watch,2025-01-02,72,0.3079,-0.75,constructive,alarmed,warning,warning,"technology_ai (+3.86), macro (+1.47), psychology (+1.45)","risk (-12.91), credit (-12.45), prediction (-6.71)","stance moves from constructive to alarmed; later memo is materially more defensive / bearish in tone; greater emphasis on technology_ai (+3.86), macro (+1.47), psychology (+1.45); less emphasis on risk (-12.91), credit (-12.45), prediction (-6.71)"
Are You An Investor or a Speculator?,1997-09-03,Who Knew?,1998-01-08,127,0.3038,0.1043,opportunistic,constructive,forecasting,forecasting,"macro (+4.60), psychology (+1.51), uncertainty (+1.49)","valuation (-12.42), rates (-4.61), risk (-3.79)","stance moves from opportunistic to constructive; greater emphasis on macro (+4.60), psychology (+1.51), uncertainty (+1.49); less emphasis on valuation (-12.42), rates (-4.61), risk (-3.79)"
On Uncertain Ground,2012-09-11,A Fresh Start (Hopefully),2012-11-09,59,0.3014,0.7343,constructive,constructive,forecasting,forecasting,"politics (+9.31), cycles (+0.20)","macro (-5.96), risk (-3.75), uncertainty (-3.30)","later memo is materially more constructive / bullish in tone; greater emphasis on politics (+9.31), cycles (+0.20); less emphasis on macro (-5.96), risk (-3.75), uncertainty (-3.30)"
The Outlook for Equities,2013-03-13,The Role of Confidence,2013-08-05,145,0.2998,-0.3831,constructive,constructive,warning,forecasting,"macro (+6.89), cycles (+5.48), psychology (+3.78)","credit (-14.81), risk (-9.15), valuation (-7.80)","prediction posture moves from warning to forecasting; later memo is materially more defensive / bearish in tone; greater emphasis on macro (+6.89), cycles (+5.48), psychology (+3.78); less emphasis on credit (-14.81), risk (-9.15), valuation (-7.80)"
Calibrating,2020-04-06,Knowledge of the Future,2020-04-14,8,0.2994,0.25,opportunistic,constructive,forecasting,forecasting,"rates (+7.00), macro (+5.23), politics (+4.04)","uncertainty (-2.26), valuation (-1.93), risk (-1.64)","stance moves from opportunistic to constructive; later memo is materially more constructive / bullish in tone; greater emphasis on rates (+7.00), macro (+5.23), politics (+4.04); less emphasis on uncertainty (-2.26), valuation (-1.93), risk (-1.64)"
There They Go Again,2005-05-06,A Case in Point,2005-06-06,31,0.2983,0.1905,constructive,opportunistic,warning,forecasting,"credit (+8.53), risk (+1.29), valuation (+0.62)","rates (-4.01), macro (-3.36), cycles (-1.22)","stance moves from constructive to opportunistic; prediction posture moves from warning to forecasting; greater emphasis on credit (+8.53), risk (+1.29), valuation (+0.62); less emphasis on rates (-4.01), macro (-3.36), cycles (-1.22)"
The Value of Predictions II (or 'Give That Man a Cigar'),1996-07-22,Will It Be Different This Time?,1996-11-25,126,0.2949,-0.6818,constructive,constructive,forecasting,forecasting,"macro (+8.84), cycles (+7.89), politics (+3.29)","prediction (-15.82), rates (-8.05), valuation (-1.03)","later memo is materially more defensive / bearish in tone; greater emphasis on macro (+8.84), cycles (+7.89), politics (+3.29); less emphasis on prediction (-15.82), rates (-8.05), valuation (-1.03)"
bubble.com,2000-01-02,Irrational Exuberance,2000-05-01,120,0.2948,0.1136,constructive,opportunistic,forecasting,warning,"macro (+3.67), rates (+3.06), risk (+0.59)","technology_ai (-4.71), valuation (-2.50), prediction (-0.63)","stance moves from constructive to opportunistic; prediction posture moves from forecasting to warning; greater emphasis on macro (+3.67), rates (+3.06), risk (+0.59); less emphasis on technology_ai (-4.71), valuation (-2.50), prediction (-0.63)"
Lessons from Silicon Valley Bank,2023-04-17,Taking the Temperature,2023-07-10,84,0.2939,-0.0926,constructive,constructive,forecasting,warning,"psychology (+5.16), cycles (+2.00), technology_ai (+1.44)","credit (-9.54), rates (-5.15), politics (-3.28)","prediction posture moves from forecasting to warning; greater emphasis on psychology (+5.16), cycles (+2.00), technology_ai (+1.44); less emphasis on credit (-9.54), rates (-5.15), politics (-3.28)"
Tell Me I’m Wrong,2010-01-22,I’d Rather Be Wrong,2010-03-17,54,0.2916,-0.0143,opportunistic,constructive,forecasting,forecasting,"politics (+10.11), psychology (+0.21)","rates (-11.87), macro (-11.48), credit (-5.10)","stance moves from opportunistic to constructive; greater emphasis on politics (+10.11), psychology (+0.21); less emphasis on rates (-11.87), macro (-11.48), credit (-5.10)"
The Role of Confidence,2013-08-05,The Race Is On,2013-11-26,113,0.288,-0.3193,constructive,alarmed,forecasting,warning,"credit (+11.34), risk (+5.99), valuation (+5.31)","macro (-4.52), psychology (-3.23), uncertainty (-1.77)","stance moves from constructive to alarmed; prediction posture moves from forecasting to warning; later memo is materially more defensive / bearish in tone; greater emphasis on credit (+11.34), risk (+5.99), valuation (+5.31); less emphasis on macro (-4.52), psychology (-3.23), uncertainty (-1.77)"
This Time It’s Different,2026-03-24,You Bet!,2026-03-24,0,0.2871,0.4685,alarmed,constructive,forecasting,forecasting,"uncertainty (+1.56), prediction (+0.65)","rates (-15.56), macro (-14.40), credit (-7.89)","stance moves from alarmed to constructive; later memo is materially more constructive / bullish in tone; greater emphasis on uncertainty (+1.56), prediction (+0.65); less emphasis on rates (-15.56), macro (-14.40), credit (-7.89)"
Coming into Focus,2020-10-13,Something of Value,2021-01-11,90,0.285,0.0568,opportunistic,opportunistic,warning,forecasting,"valuation (+9.96), uncertainty (+0.36)","rates (-12.73), credit (-7.06), risk (-6.54)","prediction posture moves from warning to forecasting; greater emphasis on valuation (+9.96), uncertainty (+0.36); less emphasis on rates (-12.73), credit (-7.06), risk (-6.54)"
It’s All Very Taxing,2011-11-16,What Can We Do For You?,2012-01-10,55,0.2827,-0.5654,constructive,opportunistic,forecasting,forecasting,"risk (+5.48), valuation (+3.70), psychology (+2.97)","politics (-5.39), rates (-3.78)","stance moves from constructive to opportunistic; later memo is materially more defensive / bearish in tone; greater emphasis on risk (+5.48), valuation (+3.70), psychology (+2.97); less emphasis on politics (-5.39), rates (-3.78)"
Us and Them,2004-05-07,The Happy Medium,2004-07-21,75,0.2822,-0.5465,opportunistic,opportunistic,forecasting,warning,"cycles (+8.22), valuation (+7.57), psychology (+7.46)","rates (-7.20), macro (-0.81), prediction (-0.24)","prediction posture moves from forecasting to warning; later memo is materially more defensive / bearish in tone; greater emphasis on cycles (+8.22), valuation (+7.57), psychology (+7.46); less emphasis on rates (-7.20), macro (-0.81), prediction (-0.24)"
It’s All a Big Mistake,2012-06-20,On Uncertain Ground,2012-09-11,83,0.2809,-0.3951,opportunistic,constructive,warning,forecasting,"macro (+11.56), uncertainty (+3.01), rates (+2.42)","credit (-11.29), valuation (-10.20), risk (-1.84)","stance moves from opportunistic to constructive; prediction posture moves from warning to forecasting; later memo is materially more defensive / bearish in tone; greater emphasis on macro (+11.56), uncertainty (+3.01), rates (+2.42); less emphasis on credit (-11.29), valuation (-10.20), risk (-1.84)"
How the Game Should Be Played,1995-05-26,The Value of Predictions II (or 'Give That Man a Cigar'),1996-07-22,423,0.2787,0.5,opportunistic,constructive,forecasting,forecasting,"prediction (+17.47), rates (+8.05), macro (+3.66)","risk (-2.71), cycles (-1.15)","stance moves from opportunistic to constructive; later memo is materially more constructive / bullish in tone; greater emphasis on prediction (+17.47), rates (+8.05), macro (+3.66); less emphasis on risk (-2.71), cycles (-1.15)"
Pigweed,2006-12-07,The Race to the Bottom,2007-02-14,69,0.2765,-0.0769,constructive,constructive,warning,forecasting,"credit (+12.37), rates (+3.73), cycles (+1.14)","prediction (-1.85), risk (-1.22), uncertainty (-0.74)","prediction posture moves from warning to forecasting; greater emphasis on credit (+12.37), rates (+3.73), cycles (+1.14); less emphasis on prediction (-1.85), risk (-1.22), uncertainty (-0.74)"
It Is What It Is,2006-03-27,"Returns, Absolute Returns and Risk",2006-06-13,78,0.2684,0.572,opportunistic,constructive,forecasting,warning,"valuation (+15.22), risk (+6.45), technology_ai (+0.27)","cycles (-2.12), macro (-1.73), prediction (-1.32)","stance moves from opportunistic to constructive; prediction posture moves from forecasting to warning; later memo is materially more constructive / bullish in tone; greater emphasis on valuation (+15.22), risk (+6.45), technology_ai (+0.27); less emphasis on cycles (-2.12), macro (-1.73), prediction (-1.32)"
Oaktree at Ten,2005-04-11,There They Go Again,2005-05-06,25,0.2665,-0.2612,constructive,constructive,forecasting,warning,"valuation (+7.23), rates (+5.20), psychology (+1.83)","credit (-5.63), uncertainty (-0.41)","prediction posture moves from forecasting to warning; later memo is materially more defensive / bearish in tone; greater emphasis on valuation (+7.23), rates (+5.20), psychology (+1.83); less emphasis on credit (-5.63), uncertainty (-0.41)"
What’s Behind the Downturn?,2011-09-07,It’s All Very Taxing,2011-11-16,70,0.2664,0.8889,constructive,constructive,forecasting,forecasting,"rates (+3.57), politics (+3.48)","credit (-8.89), risk (-3.18), prediction (-3.09)","later memo is materially more constructive / bullish in tone; greater emphasis on rates (+3.57), politics (+3.48); less emphasis on credit (-8.89), risk (-3.18), prediction (-3.09)"
The Most Important Thing,2003-07-01,What’s Your Game Plan?,2003-09-05,66,0.2581,0.0261,opportunistic,constructive,forecasting,preparation,credit (+1.79),"valuation (-13.07), risk (-6.17), prediction (-1.00)","stance moves from opportunistic to constructive; prediction posture moves from forecasting to preparation; greater emphasis on credit (+1.79); less emphasis on valuation (-13.07), risk (-6.17), prediction (-1.00)"
I Beg to Differ,2022-07-26,The Illusion of Knowledge,2022-09-08,44,0.2549,-0.0389,constructive,constructive,forecasting,forecasting,"macro (+12.35), rates (+4.02), prediction (+2.82)","risk (-2.28), valuation (-1.79), credit (-1.43)","greater emphasis on macro (+12.35), rates (+4.02), prediction (+2.82); less emphasis on risk (-2.28), valuation (-1.79), credit (-1.43)"
2020 in Review,2021-03-04,Thinking About Macro,2021-07-29,147,0.2518,-0.5385,opportunistic,constructive,forecasting,forecasting,"macro (+17.90), rates (+11.42), prediction (+3.19)","credit (-2.18), risk (-1.73), cycles (-0.18)","stance moves from opportunistic to constructive; later memo is materially more defensive / bearish in tone; greater emphasis on macro (+17.90), rates (+11.42), prediction (+3.19); less emphasis on credit (-2.18), risk (-1.73), cycles (-0.18)"
A Look Under the Hood,2025-10-28,Cockroaches in the Coal Mine,2025-11-06,9,0.247,0.1167,constructive,constructive,warning,warning,"credit (+12.56), cycles (+4.01), psychology (+1.41)","risk (-10.16), politics (-2.31), prediction (-1.15)","greater emphasis on credit (+12.56), cycles (+4.01), psychology (+1.41); less emphasis on risk (-10.16), politics (-2.31), prediction (-1.15)"
Assessing Performance Records – A Case Study,2012-02-15,Déjà Vu All Over Again,2012-03-19,33,0.2395,0.2576,opportunistic,opportunistic,warning,forecasting,"psychology (+3.88), valuation (+1.76), credit (+1.17)","risk (-3.09), macro (-1.90), politics (-0.77)","prediction posture moves from warning to forecasting; later memo is materially more constructive / bullish in tone; greater emphasis on psychology (+3.88), valuation (+1.76), credit (+1.17); less emphasis on risk (-3.09), macro (-1.90), politics (-0.77)"
"What's It All About, Alpha?",2001-07-11,Notes from New York,2001-09-16,67,0.2394,-0.7519,constructive,constructive,warning,forecasting,"politics (+1.32), psychology (+0.82), technology_ai (+0.41)","valuation (-8.75), risk (-6.00), credit (-3.29)","prediction posture moves from warning to forecasting; later memo is materially more defensive / bearish in tone; greater emphasis on politics (+1.32), psychology (+0.82), technology_ai (+0.41); less emphasis on valuation (-8.75), risk (-6.00), credit (-3.29)"
Dare to Be Great II,2014-04-08,Risk Revisited,2014-09-03,148,0.2382,-0.0298,constructive,constructive,forecasting,warning,"risk (+13.26), valuation (+3.81), credit (+2.62)",cycles (-0.20),"prediction posture moves from forecasting to warning; greater emphasis on risk (+13.26), valuation (+3.81), credit (+2.62); less emphasis on cycles (-0.20)"
Not Enough,2020-06-11,The Anatomy of a Rally,2020-06-18,7,0.2372,-0.2857,opportunistic,constructive,forecasting,forecasting,"rates (+8.48), valuation (+5.88), credit (+4.96)","politics (-1.12), psychology (-0.19)","stance moves from opportunistic to constructive; later memo is materially more defensive / bearish in tone; greater emphasis on rates (+8.48), valuation (+5.88), credit (+4.96); less emphasis on politics (-1.12), psychology (-0.19)"
What Can We Do For You?,2012-01-10,Assessing Performance Records – A Case Study,2012-02-15,36,0.2324,-0.2326,opportunistic,opportunistic,forecasting,warning,"valuation (+1.31), technology_ai (+1.24)","psychology (-2.97), macro (-2.09), cycles (-1.78)","prediction posture moves from forecasting to warning; later memo is materially more defensive / bearish in tone; greater emphasis on valuation (+1.31), technology_ai (+1.24); less emphasis on psychology (-2.97), macro (-2.09), cycles (-1.78)"
Lines in the Sand,2017-04-18,There They Go Again . . . Again,2017-07-26,99,0.2297,-0.375,constructive,opportunistic,forecasting,warning,"risk (+5.47), cycles (+3.15), macro (+3.15)",none,"stance moves from constructive to opportunistic; prediction posture moves from forecasting to warning; later memo is materially more defensive / bearish in tone; greater emphasis on risk (+5.47), cycles (+3.15), macro (+3.15)"
Risk,2006-01-19,It Is What It Is,2006-03-27,67,0.2223,-0.337,constructive,opportunistic,warning,forecasting,"cycles (+2.66), rates (+2.33), macro (+2.00)","risk (-20.95), valuation (-5.08), technology_ai (-0.24)","stance moves from constructive to opportunistic; prediction posture moves from warning to forecasting; later memo is materially more defensive / bearish in tone; greater emphasis on cycles (+2.66), rates (+2.33), macro (+2.00); less emphasis on risk (-20.95), valuation (-5.08), technology_ai (-0.24)"
It’s All Good . . . Really?,2007-07-30,Now It’s All Bad?,2007-09-10,42,0.2198,0.2068,opportunistic,constructive,forecasting,warning,"risk (+7.37), prediction (+0.77), technology_ai (+0.20)","credit (-4.31), macro (-3.56), rates (-1.05)","stance moves from opportunistic to constructive; prediction posture moves from forecasting to warning; later memo is materially more constructive / bullish in tone; greater emphasis on risk (+7.37), prediction (+0.77), technology_ai (+0.20); less emphasis on credit (-4.31), macro (-3.56), rates (-1.05)"
Now What?,2008-01-10,Whodunit,2008-02-20,41,0.2188,-0.0189,opportunistic,constructive,forecasting,warning,"risk (+3.94), prediction (+0.24), technology_ai (+0.23)","macro (-7.54), credit (-7.29), rates (-2.14)","stance moves from opportunistic to constructive; prediction posture moves from forecasting to warning; greater emphasis on risk (+3.94), prediction (+0.24), technology_ai (+0.23); less emphasis on macro (-7.54), credit (-7.29), rates (-2.14)"
It’s Greek to Me,2010-07-19,Hemlines,2010-09-10,53,0.2161,-0.3866,constructive,alarmed,forecasting,forecasting,"credit (+10.08), valuation (+6.93), rates (+5.08)",politics (-4.38),"stance moves from constructive to alarmed; later memo is materially more defensive / bearish in tone; greater emphasis on credit (+10.08), valuation (+6.93), rates (+5.08); less emphasis on politics (-4.38)"
Irrational Exuberance,2000-05-01,Investment Miscellany,2000-11-16,199,0.2112,-0.697,opportunistic,alarmed,warning,warning,"risk (+4.05), valuation (+3.13), credit (+2.76)","rates (-2.69), macro (-2.57), cycles (-0.61)","stance moves from opportunistic to alarmed; later memo is materially more defensive / bearish in tone; greater emphasis on risk (+4.05), valuation (+3.13), credit (+2.76); less emphasis on rates (-2.69), macro (-2.57), cycles (-0.61)"
Mr. Market Miscalculates,2024-08-22,Shall We Repeal the Laws of Economics?,2024-09-19,28,0.2092,-0.171,constructive,constructive,forecasting,forecasting,"politics (+6.76), macro (+2.70), credit (+0.67)","psychology (-6.35), rates (-4.88), cycles (-3.58)","greater emphasis on politics (+6.76), macro (+2.70), credit (+0.67); less emphasis on psychology (-6.35), rates (-4.88), cycles (-3.58)"
The Illusion of Knowledge,2022-09-08,What Really Matters?,2022-11-22,75,0.2,0.2874,constructive,constructive,forecasting,forecasting,"valuation (+4.94), risk (+4.69), credit (+4.19)","macro (-10.25), rates (-2.34), prediction (-2.00)","later memo is materially more constructive / bullish in tone; greater emphasis on valuation (+4.94), risk (+4.69), credit (+4.19); less emphasis on macro (-10.25), rates (-2.34), prediction (-2.00)"
The New Paradigm,2006-10-19,Pigweed,2006-12-07,49,0.1956,0.2769,opportunistic,constructive,forecasting,warning,"risk (+2.34), uncertainty (+0.74), macro (+0.55)","credit (-8.19), rates (-3.30), cycles (-1.10)","stance moves from opportunistic to constructive; prediction posture moves from forecasting to warning; later memo is materially more constructive / bullish in tone; greater emphasis on risk (+2.34), uncertainty (+0.74), macro (+0.55); less emphasis on credit (-8.19), rates (-3.30), cycles (-1.10)"
Hemlines,2010-09-10,Open and Shut,2010-12-01,82,0.1875,0.2314,alarmed,opportunistic,forecasting,warning,"risk (+6.21), cycles (+4.35), psychology (+1.87)","valuation (-4.62), credit (-3.73), uncertainty (-1.11)","stance moves from alarmed to opportunistic; prediction posture moves from forecasting to warning; later memo is materially more constructive / bullish in tone; greater emphasis on risk (+6.21), cycles (+4.35), psychology (+1.87); less emphasis on valuation (-4.62), credit (-3.73), uncertainty (-1.11)"
Sea Change,2022-12-13,Lessons from Silicon Valley Bank,2023-04-17,125,0.18,-0.4295,opportunistic,constructive,warning,forecasting,politics (+3.19),"rates (-16.82), macro (-10.25), valuation (-4.85)","stance moves from opportunistic to constructive; prediction posture moves from warning to forecasting; later memo is materially more defensive / bearish in tone; greater emphasis on politics (+3.19); less emphasis on rates (-16.82), macro (-10.25), valuation (-4.85)"
Volatility + Leverage = Dynamite,2008-12-17,The Long View,2009-01-09,23,0.18,-0.3627,opportunistic,constructive,warning,warning,"macro (+5.54), cycles (+5.36), rates (+2.90)","risk (-7.74), prediction (-0.62), valuation (-0.31)","stance moves from opportunistic to constructive; later memo is materially more defensive / bearish in tone; greater emphasis on macro (+5.54), cycles (+5.36), rates (+2.90); less emphasis on risk (-7.74), prediction (-0.62), valuation (-0.31)"
Down to the Wire,2011-07-21,What’s Behind the Downturn?,2011-09-07,48,0.1794,0.0769,alarmed,constructive,forecasting,forecasting,"prediction (+2.47), risk (+2.38), rates (+1.68)","credit (-6.01), macro (-2.51), politics (-1.55)","stance moves from alarmed to constructive; greater emphasis on prediction (+2.47), risk (+2.38), rates (+1.68); less emphasis on credit (-6.01), macro (-2.51), politics (-1.55)"
You Can't Predict. You Can Prepare.,2001-11-20,Learning From Enron,2002-03-14,114,0.1745,0.1622,constructive,constructive,forecasting,forecasting,"risk (+0.69), politics (+0.49), uncertainty (+0.18)","macro (-11.09), cycles (-10.50), prediction (-3.64)","greater emphasis on risk (+0.69), politics (+0.49), uncertainty (+0.18); less emphasis on macro (-11.09), cycles (-10.50), prediction (-3.64)"
Taking the Temperature,2023-07-10,"Fewer Losers, or More Winners?",2023-09-12,64,0.1716,0.6987,constructive,constructive,warning,warning,"risk (+8.77), credit (+4.57), valuation (+0.99)","psychology (-5.36), cycles (-2.40), technology_ai (-1.37)","later memo is materially more constructive / bullish in tone; greater emphasis on risk (+8.77), credit (+4.57), valuation (+0.99); less emphasis on psychology (-5.36), cycles (-2.40), technology_ai (-1.37)"
What Worries Me,2008-08-28,Nobody Knows,2008-09-19,22,0.1701,-0.84,constructive,constructive,forecasting,forecasting,"risk (+5.76), cycles (+5.00), credit (+2.00)","macro (-3.10), politics (-1.47), technology_ai (-0.18)","later memo is materially more defensive / bearish in tone; greater emphasis on risk (+5.76), cycles (+5.00), credit (+2.00); less emphasis on macro (-3.10), politics (-1.47), technology_ai (-0.18)"
Doesn’t Make Sense,2008-07-31,What Worries Me,2008-08-28,28,0.1701,0.1076,opportunistic,constructive,forecasting,forecasting,"macro (+4.18), politics (+0.76), prediction (+0.39)","risk (-3.55), credit (-3.40), valuation (-1.30)","stance moves from opportunistic to constructive; greater emphasis on macro (+4.18), politics (+0.76), prediction (+0.39); less emphasis on risk (-3.55), credit (-3.40), valuation (-1.30)"
Safety First . . . But Where?,2001-04-10,"What's It All About, Alpha?",2001-07-11,92,0.1654,0.2024,opportunistic,constructive,forecasting,warning,"risk (+6.08), valuation (+1.78), credit (+1.37)","macro (-2.71), technology_ai (-2.60), cycles (-1.04)","stance moves from opportunistic to constructive; prediction posture moves from forecasting to warning; later memo is materially more constructive / bullish in tone; greater emphasis on risk (+6.08), valuation (+1.78), credit (+1.37); less emphasis on macro (-2.71), technology_ai (-2.60), cycles (-1.04)"
Something of Value,2021-01-11,2020 in Review,2021-03-04,52,0.1629,0.3309,opportunistic,opportunistic,forecasting,forecasting,"rates (+5.50), credit (+2.31), risk (+1.95)","valuation (-17.03), technology_ai (-2.48), psychology (-0.35)","later memo is materially more constructive / bullish in tone; greater emphasis on rates (+5.50), credit (+2.31), risk (+1.95); less emphasis on valuation (-17.03), technology_ai (-2.48), psychology (-0.35)"
Is It a Bubble?,2025-12-09,AI Hurtles Ahead,2026-02-26,79,0.162,0.5287,alarmed,constructive,forecasting,forecasting,"technology_ai (+9.00), rates (+0.22)","credit (-4.28), valuation (-3.10), risk (-1.78)","stance moves from alarmed to constructive; later memo is materially more constructive / bullish in tone; greater emphasis on technology_ai (+9.00), rates (+0.22); less emphasis on credit (-4.28), valuation (-3.10), risk (-1.78)"
Getting Lucky,2014-01-16,Dare to Be Great II,2014-04-08,82,0.1616,-0.035,constructive,constructive,forecasting,forecasting,"risk (+10.17), prediction (+3.51), cycles (+0.18)","valuation (-1.73), macro (-0.38), psychology (-0.37)","greater emphasis on risk (+10.17), prediction (+3.51), cycles (+0.18); less emphasis on valuation (-1.73), macro (-0.38), psychology (-0.37)"
"Microeconomics 101: Supply, Demand and Convertibles",1992-10-08,Random Thoughts On The Identification Of Inv Opportunities,1994-01-24,473,0.16,0.163,constructive,opportunistic,forecasting,forecasting,"psychology (+7.78), credit (+7.57), macro (+1.30)","prediction (-1.12), uncertainty (-1.12), valuation (-0.60)","stance moves from constructive to opportunistic; greater emphasis on psychology (+7.78), credit (+7.57), macro (+1.30); less emphasis on prediction (-1.12), uncertainty (-1.12), valuation (-0.60)"
The Indispensability of Risk,2024-04-17,The Impact of Debt,2024-05-08,21,0.159,0.0833,humble,opportunistic,warning,warning,"credit (+9.81), cycles (+2.45), psychology (+0.83)","risk (-10.05), valuation (-3.94), prediction (-1.72)","stance moves from humble to opportunistic; greater emphasis on credit (+9.81), cycles (+2.45), psychology (+0.83); less emphasis on risk (-10.05), valuation (-3.94), prediction (-1.72)"
Knowledge of the Future,2020-04-14,Uncertainty,2020-05-11,27,0.1471,-0.5162,constructive,constructive,forecasting,forecasting,"uncertainty (+1.82), prediction (+0.34)","rates (-6.58), politics (-3.66), risk (-2.62)","later memo is materially more defensive / bearish in tone; greater emphasis on uncertainty (+1.82), prediction (+0.34); less emphasis on rates (-6.58), politics (-3.66), risk (-2.62)"
Risk Revisited Again,2015-06-08,It’s Not Easy,2015-09-09,93,0.1461,0.3543,constructive,constructive,warning,warning,"valuation (+4.33), psychology (+0.38), technology_ai (+0.36)","risk (-8.01), prediction (-2.98), rates (-1.03)","later memo is materially more constructive / bullish in tone; greater emphasis on valuation (+4.33), psychology (+0.38), technology_ai (+0.36); less emphasis on risk (-8.01), prediction (-2.98), rates (-1.03)"
Thinking About Macro,2021-07-29,The Winds of Change,2021-11-23,117,0.1432,0.2882,constructive,constructive,forecasting,forecasting,"politics (+3.82), technology_ai (+2.62), cycles (+0.63)","macro (-19.37), rates (-17.17), prediction (-4.85)","later memo is materially more constructive / bullish in tone; greater emphasis on politics (+3.82), technology_ai (+2.62), cycles (+0.63); less emphasis on macro (-19.37), rates (-17.17), prediction (-4.85)"
The Lessons of Oil,2014-12-18,Liquidity,2015-03-25,97,0.1428,-0.5015,opportunistic,opportunistic,forecasting,forecasting,"risk (+1.44), uncertainty (+0.49), politics (+0.21)","macro (-4.73), psychology (-2.22), rates (-1.73)","later memo is materially more defensive / bearish in tone; greater emphasis on risk (+1.44), uncertainty (+0.49), politics (+0.21); less emphasis on macro (-4.73), psychology (-2.22), rates (-1.73)"
There They Go Again . . . Again,2017-07-26,Yet Again?,2017-09-07,43,0.1403,0.1125,opportunistic,opportunistic,warning,forecasting,"valuation (+2.18), psychology (+0.86), politics (+0.66)","rates (-3.85), credit (-3.75), risk (-3.34)","prediction posture moves from warning to forecasting; greater emphasis on valuation (+2.18), psychology (+0.86), politics (+0.66); less emphasis on rates (-3.85), credit (-3.75), risk (-3.34)"
On the Other Hand,2019-07-26,Mysterious,2019-10-17,83,0.1373,-0.8254,constructive,alarmed,forecasting,forecasting,"credit (+12.53), valuation (+3.15), rates (+0.99)","macro (-5.37), politics (-1.72), prediction (-0.47)","stance moves from constructive to alarmed; later memo is materially more defensive / bearish in tone; greater emphasis on credit (+12.53), valuation (+3.15), rates (+0.99); less emphasis on macro (-5.37), politics (-1.72), prediction (-0.47)"
Further Thoughts on Sea Change,2023-10-11,Easy Money,2024-01-09,90,0.135,0.1145,opportunistic,opportunistic,forecasting,warning,"cycles (+4.54), valuation (+2.62), risk (+2.28)","credit (-2.23), rates (-1.74), macro (-1.04)","prediction posture moves from forecasting to warning; greater emphasis on cycles (+4.54), valuation (+2.62), risk (+2.28); less emphasis on credit (-2.23), rates (-1.74), macro (-1.04)"
Uncertainty,2020-05-11,Uncertainty II,2020-05-28,17,0.1335,-0.5195,constructive,humble,forecasting,forecasting,"risk (+1.16), politics (+0.96), prediction (+0.95)","credit (-2.72), macro (-2.13), rates (-1.05)","stance moves from constructive to humble; later memo is materially more defensive / bearish in tone; greater emphasis on risk (+1.16), politics (+0.96), prediction (+0.95); less emphasis on credit (-2.72), macro (-2.13), rates (-1.05)"
The Realist's Creed,2002-05-31,Quo Vadis?,2002-07-26,56,0.1328,0.0226,constructive,opportunistic,forecasting,forecasting,"macro (+5.79), rates (+3.98), politics (+2.63)","risk (-3.28), cycles (-1.04), technology_ai (-0.74)","stance moves from constructive to opportunistic; greater emphasis on macro (+5.79), rates (+3.98), politics (+2.63); less emphasis on risk (-3.28), cycles (-1.04), technology_ai (-0.74)"
More on Repealing the Laws of Economics,2025-06-18,The Calculus of Value,2025-08-13,56,0.1316,-0.0323,constructive,constructive,forecasting,forecasting,"valuation (+21.63), psychology (+3.92), prediction (+1.45)","politics (-3.67), macro (-2.92), rates (-2.22)","greater emphasis on valuation (+21.63), psychology (+3.92), prediction (+1.45); less emphasis on politics (-3.67), macro (-2.92), rates (-2.22)"
Déjà Vu All Over Again,2012-03-19,It’s All a Big Mistake,2012-06-20,93,0.1311,0.1759,opportunistic,opportunistic,forecasting,warning,"credit (+12.26), valuation (+5.20), risk (+3.25)","macro (-1.65), psychology (-1.52), technology_ai (-0.68)","prediction posture moves from forecasting to warning; greater emphasis on credit (+12.26), valuation (+5.20), risk (+3.25); less emphasis on macro (-1.65), psychology (-1.52), technology_ai (-0.68)"
The Race to the Bottom,2007-02-14,Everyone Knows,2007-04-26,71,0.126,0.2045,constructive,opportunistic,forecasting,forecasting,"valuation (+5.58), risk (+2.69), credit (+1.93)","rates (-2.53), cycles (-0.85)","stance moves from constructive to opportunistic; later memo is materially more constructive / bullish in tone; greater emphasis on valuation (+5.58), risk (+2.69), credit (+1.93); less emphasis on rates (-2.53), cycles (-0.85)"
The Aviary,2008-05-16,Doesn’t Make Sense,2008-07-31,76,0.1239,0.5936,constructive,opportunistic,warning,forecasting,"valuation (+3.85), credit (+1.36), technology_ai (+0.25)","politics (-4.71), risk (-3.02), cycles (-2.02)","stance moves from constructive to opportunistic; prediction posture moves from warning to forecasting; later memo is materially more constructive / bullish in tone; greater emphasis on valuation (+3.85), credit (+1.36), technology_ai (+0.25); less emphasis on politics (-4.71), risk (-3.02), cycles (-2.02)"
It’s All Good,2007-07-16,It’s All Good . . . Really?,2007-07-30,14,0.1227,-0.3295,constructive,opportunistic,warning,forecasting,"credit (+4.70), rates (+2.10), macro (+1.71)","cycles (-5.03), risk (-4.52), valuation (-1.78)","stance moves from constructive to opportunistic; prediction posture moves from warning to forecasting; later memo is materially more defensive / bearish in tone; greater emphasis on credit (+4.70), rates (+2.10), macro (+1.71); less emphasis on cycles (-5.03), risk (-4.52), valuation (-1.78)"
Etorre's Wisdom,2002-09-04,Returns and How They Get That Way,2002-11-11,68,0.1215,0.1944,constructive,opportunistic,forecasting,forecasting,"valuation (+16.79), macro (+3.49), psychology (+0.75)","technology_ai (-0.55), credit (-0.28), uncertainty (-0.28)","stance moves from constructive to opportunistic; greater emphasis on valuation (+16.79), macro (+3.49), psychology (+0.75); less emphasis on technology_ai (-0.55), credit (-0.28), uncertainty (-0.28)"
Political Reality Meets Economic Reality,2019-01-30,Growing the Pie,2019-04-01,61,0.1188,-0.1101,constructive,opportunistic,forecasting,forecasting,"risk (+0.85), psychology (+0.32), technology_ai (+0.16)","politics (-3.56), macro (-1.04), valuation (-0.90)","stance moves from constructive to opportunistic; greater emphasis on risk (+0.85), psychology (+0.32), technology_ai (+0.16); less emphasis on politics (-3.56), macro (-1.04), valuation (-0.90)"
Returns and How They Get That Way,2002-11-11,Whad’Ya Know?,2003-03-11,120,0.1147,0.0931,opportunistic,opportunistic,forecasting,forecasting,"credit (+6.26), rates (+1.38), prediction (+1.30)","valuation (-16.92), macro (-0.73), risk (-0.48)","greater emphasis on credit (+6.26), rates (+1.38), prediction (+1.30); less emphasis on valuation (-16.92), macro (-0.73), risk (-0.48)"
What Lies Ahead?,2001-10-04,You Can't Predict. You Can Prepare.,2001-11-20,47,0.1135,0.2053,opportunistic,constructive,forecasting,forecasting,"cycles (+9.83), credit (+3.20), technology_ai (+2.15)","politics (-2.44), uncertainty (-2.01), rates (-1.10)","stance moves from opportunistic to constructive; later memo is materially more constructive / bullish in tone; greater emphasis on cycles (+9.83), credit (+3.20), technology_ai (+2.15); less emphasis on politics (-2.44), uncertainty (-2.01), rates (-1.10)"
Bull Market Rhymes,2022-05-26,Conversation at Panmure House,2022-06-23,28,0.1084,0.4745,opportunistic,constructive,warning,warning,"credit (+2.55), cycles (+1.41), prediction (+0.38)","psychology (-4.61), technology_ai (-1.95), rates (-1.69)","stance moves from opportunistic to constructive; later memo is materially more constructive / bullish in tone; greater emphasis on credit (+2.55), cycles (+1.41), prediction (+0.38); less emphasis on psychology (-4.61), technology_ai (-1.95), rates (-1.69)"
Political Reality,2016-08-17,Implications of the Election,2016-11-07,82,0.1054,-0.4,constructive,constructive,forecasting,forecasting,"politics (+8.84), cycles (+1.13), psychology (+0.88)","macro (-2.96), valuation (-1.61), rates (-0.71)","later memo is materially more defensive / bearish in tone; greater emphasis on politics (+8.84), cycles (+1.13), psychology (+0.88); less emphasis on macro (-2.96), valuation (-1.61), rates (-0.71)"
Yet Again?,2017-09-07,Latest Thinking,2018-01-23,138,0.099,-0.1339,opportunistic,constructive,forecasting,forecasting,"macro (+11.22), rates (+9.78), politics (+1.44)","valuation (-4.77), cycles (-0.93), technology_ai (-0.40)","stance moves from opportunistic to constructive; greater emphasis on macro (+11.22), rates (+9.78), politics (+1.44); less emphasis on valuation (-4.77), cycles (-0.93), technology_ai (-0.40)"
Plan B,2008-09-24,The Limits to Negativism,2008-10-15,21,0.0988,-0.2986,constructive,alarmed,forecasting,forecasting,"psychology (+5.60), cycles (+1.99), rates (+1.48)","valuation (-3.22), credit (-2.01), politics (-1.25)","stance moves from constructive to alarmed; later memo is materially more defensive / bearish in tone; greater emphasis on psychology (+5.60), cycles (+1.99), rates (+1.48); less emphasis on valuation (-3.22), credit (-2.01), politics (-1.25)"
Latest Thinking,2018-01-23,Investing Without People,2018-06-18,146,0.095,0.3366,constructive,opportunistic,forecasting,forecasting,"valuation (+2.46), credit (+1.75)","macro (-10.73), rates (-9.78), risk (-2.94)","stance moves from constructive to opportunistic; later memo is materially more constructive / bullish in tone; greater emphasis on valuation (+2.46), credit (+1.75); less emphasis on macro (-10.73), rates (-9.78), risk (-2.94)"
Nobody Knows (Yet Again),2025-04-09,More on Repealing the Laws of Economics,2025-06-18,70,0.0945,0.3082,constructive,constructive,forecasting,forecasting,"valuation (+3.00), politics (+2.21), macro (+2.13)","uncertainty (-3.12), prediction (-1.77), credit (-0.59)","later memo is materially more constructive / bullish in tone; greater emphasis on valuation (+3.00), politics (+2.21), macro (+2.13); less emphasis on uncertainty (-3.12), prediction (-1.77), credit (-0.59)"
Go Figure!,2026-03-24,This Time It’s Different,2026-03-24,0,0.0942,-0.5476,constructive,alarmed,forecasting,forecasting,"rates (+6.74), macro (+5.95), credit (+4.55)","politics (-5.27), prediction (-3.63), uncertainty (-0.31)","stance moves from constructive to alarmed; later memo is materially more defensive / bearish in tone; greater emphasis on rates (+6.74), macro (+5.95), credit (+4.55); less emphasis on politics (-5.27), prediction (-3.63), uncertainty (-0.31)"
Quo Vadis?,2002-07-26,Etorre's Wisdom,2002-09-04,40,0.0928,0.0893,opportunistic,constructive,forecasting,forecasting,"risk (+2.40), technology_ai (+0.68), uncertainty (+0.15)","macro (-8.26), rates (-4.88), politics (-2.63)","stance moves from opportunistic to constructive; greater emphasis on risk (+2.40), technology_ai (+0.68), uncertainty (+0.15); less emphasis on macro (-8.26), rates (-4.88), politics (-2.63)"
Conversation at Panmure House,2022-06-23,I Beg to Differ,2022-07-26,33,0.0915,-0.0222,constructive,constructive,warning,forecasting,"valuation (+0.32), technology_ai (+0.24)","cycles (-5.02), credit (-2.81), psychology (-1.97)","prediction posture moves from warning to forecasting; greater emphasis on valuation (+0.32), technology_ai (+0.24); less emphasis on cycles (-5.02), credit (-2.81), psychology (-1.97)"
Implications of the Election,2016-11-07,Expert Opinion,2017-01-10,64,0.088,-0.2429,constructive,constructive,forecasting,forecasting,"rates (+5.93), valuation (+1.48), credit (+0.92)","politics (-9.33), risk (-0.71), technology_ai (-0.57)","later memo is materially more defensive / bearish in tone; greater emphasis on rates (+5.93), valuation (+1.48), credit (+0.92); less emphasis on politics (-9.33), risk (-0.71), technology_ai (-0.57)"
The Anatomy of a Rally,2020-06-18,Time for Thinking,2020-08-05,48,0.0851,-0.1639,constructive,constructive,forecasting,forecasting,"macro (+7.15), credit (+2.58), technology_ai (+1.94)","valuation (-2.87), risk (-1.31), rates (-0.96)","greater emphasis on macro (+7.15), credit (+2.58), technology_ai (+1.94); less emphasis on valuation (-2.87), risk (-1.31), rates (-0.96)"
Notes from New York,2001-09-16,What Lies Ahead?,2001-10-04,18,0.0749,0.2709,constructive,opportunistic,forecasting,forecasting,"macro (+9.36), rates (+4.68), uncertainty (+2.01)","risk (-3.15), technology_ai (-0.41)","stance moves from constructive to opportunistic; later memo is materially more constructive / bullish in tone; greater emphasis on macro (+9.36), rates (+4.68), uncertainty (+2.01); less emphasis on risk (-3.15), technology_ai (-0.41)"
Expert Opinion,2017-01-10,Lines in the Sand,2017-04-18,98,0.0746,0.2679,constructive,constructive,forecasting,forecasting,"valuation (+5.18), risk (+0.58), credit (+0.18)","politics (-5.93), rates (-3.93), macro (-3.39)","later memo is materially more constructive / bullish in tone; greater emphasis on valuation (+5.18), risk (+0.58), credit (+0.18); less emphasis on politics (-5.93), rates (-3.93), macro (-3.39)"
Nobody Knows,2008-09-19,Plan B,2008-09-24,5,0.0742,0.142,constructive,constructive,forecasting,forecasting,"politics (+3.43), credit (+1.61), macro (+0.70)","cycles (-5.07), risk (-2.24), psychology (-1.23)","greater emphasis on politics (+3.43), credit (+1.61), macro (+0.70); less emphasis on cycles (-5.07), risk (-2.24), psychology (-1.23)"
Everyone Knows,2007-04-26,It’s All Good,2007-07-16,81,0.0723,-0.4129,opportunistic,constructive,forecasting,warning,"cycles (+7.92), psychology (+2.67), macro (+1.03)","valuation (-7.55), credit (-4.72), rates (-1.55)","stance moves from opportunistic to constructive; prediction posture moves from forecasting to warning; later memo is materially more defensive / bearish in tone; greater emphasis on cycles (+7.92), psychology (+2.67), macro (+1.03); less emphasis on valuation (-7.55), credit (-4.72), rates (-1.55)"
The Tide Goes Out,2008-03-18,The Aviary,2008-05-16,59,0.0682,-0.3713,constructive,constructive,warning,warning,"politics (+4.87), macro (+1.01), rates (+0.89)","valuation (-4.77), risk (-2.42), cycles (-0.98)","later memo is materially more defensive / bearish in tone; greater emphasis on politics (+4.87), macro (+1.01), rates (+0.89); less emphasis on valuation (-4.77), risk (-2.42), cycles (-0.98)"
So Much That’s False and Nutty,2009-07-08,Touchstones,2009-11-10,125,0.0641,-0.0606,alarmed,alarmed,warning,warning,"rates (+2.39), macro (+2.16), politics (+1.82)","credit (-6.52), risk (-3.25), valuation (-1.58)","greater emphasis on rates (+2.39), macro (+2.16), politics (+1.82); less emphasis on credit (-6.52), risk (-3.25), valuation (-1.58)"
Risk in Today's Markets,1994-02-17,'Risk in Today's Markets' Revisited,1994-04-11,53,0.0579,0.6818,cautious,opportunistic,warning,warning,"cycles (+1.61), prediction (+1.07), politics (+0.54)","risk (-5.04), rates (-3.26), valuation (-1.99)","stance moves from cautious to opportunistic; later memo is materially more constructive / bullish in tone; greater emphasis on cycles (+1.61), prediction (+1.07), politics (+0.54); less emphasis on risk (-5.04), rates (-3.26), valuation (-1.99)"
Dare to Be Great,2006-09-07,The New Paradigm,2006-10-19,42,0.0545,-0.0929,constructive,opportunistic,forecasting,forecasting,"valuation (+4.74), rates (+4.41), credit (+4.33)","technology_ai (-0.95), macro (-0.47), politics (-0.23)","stance moves from constructive to opportunistic; greater emphasis on valuation (+4.74), rates (+4.41), credit (+4.33); less emphasis on technology_ai (-0.95), macro (-0.47), politics (-0.23)"
Economic Reality,2016-05-26,Political Reality,2016-08-17,83,0.0521,0.3611,constructive,constructive,forecasting,forecasting,"politics (+3.60), psychology (+0.54), risk (+0.36)","macro (-2.76), rates (-1.76), credit (-0.87)","later memo is materially more constructive / bullish in tone; greater emphasis on politics (+3.60), psychology (+0.54), risk (+0.36); less emphasis on macro (-2.76), rates (-1.76), credit (-0.87)"
Learning From Enron,2002-03-14,The Realist's Creed,2002-05-31,78,0.0441,-0.5181,constructive,constructive,forecasting,forecasting,"valuation (+2.87), macro (+2.10), cycles (+1.79)","credit (-1.48), politics (-0.73)","later memo is materially more defensive / bearish in tone; greater emphasis on valuation (+2.87), macro (+2.10), cycles (+1.79); less emphasis on credit (-1.48), politics (-0.73)"
Whodunit,2008-02-20,The Tide Goes Out,2008-03-18,27,0.0362,0.3472,constructive,constructive,warning,warning,"valuation (+3.81), cycles (+3.03), politics (+1.31)","rates (-4.81), credit (-0.95), risk (-0.66)","later memo is materially more constructive / bullish in tone; greater emphasis on valuation (+3.81), cycles (+3.03), politics (+1.31); less emphasis on rates (-4.81), credit (-0.95), risk (-0.66)"
Now It’s All Bad?,2007-09-10,No Different This Time – The Lessons of ‘07,2007-12-17,98,0.0315,-0.1603,constructive,constructive,warning,warning,"valuation (+4.95), risk (+2.26), prediction (+1.59)","credit (-4.36), cycles (-2.15), psychology (-1.32)","greater emphasis on valuation (+4.95), risk (+2.26), prediction (+1.59); less emphasis on credit (-4.36), cycles (-2.15), psychology (-1.32)"
Nobody Knows II,2020-03-03,Latest Update,2020-03-19,16,0.0309,-0.0714,constructive,alarmed,forecasting,forecasting,"risk (+3.15), credit (+1.90), technology_ai (+0.44)","macro (-8.14), rates (-3.77), valuation (-1.93)","stance moves from constructive to alarmed; greater emphasis on risk (+3.15), credit (+1.90), technology_ai (+0.44); less emphasis on macro (-8.14), rates (-3.77), valuation (-1.93)"
Latest Update,2020-03-19,Which Way Now?,2020-03-31,12,0.0208,0.1464,alarmed,constructive,forecasting,forecasting,"macro (+5.74), politics (+3.10), valuation (+2.79)","rates (-2.83), credit (-1.03), risk (-0.73)","stance moves from alarmed to constructive; greater emphasis on macro (+5.74), politics (+3.10), valuation (+2.79); less emphasis on rates (-2.83), credit (-1.03), risk (-0.73)"
